date,equity
2019-02-04,100000.0
2019-02-05,103339.73412186373
2019-02-06,103138.25802532853
2019-02-07,101428.89735926718
2019-02-08,110200.72248474201
2019-02-09,111587.62991483664
2019-02-10,113214.88360300177
2019-02-11,113613.97284195255
2019-02-12,113590.30016930256
2019-02-13,113494.05969097758
2019-02-14,113439.79564804376
2019-02-15,113538.38921438187
2019-02-16,113514.03586594647
2019-02-17,113564.53060094801
2019-02-18,113886.83343119935
2019-02-19,116961.64265182291
2019-02-20,119840.68180986008
2019-02-21,115692.33273135779
2019-02-22,117623.84300455889
2019-02-23,119155.80611892176
2019-02-24,110882.98366431794
2019-02-25,114015.83347284346
2019-02-26,113923.86076973531
2019-02-27,113966.32207545107
2019-02-28,114024.48280019063
2019-03-01,114235.71013323641
2019-03-02,114305.74372558853
2019-03-03,114211.32478160232
2019-03-04,114136.14235700635
2019-03-05,125958.48060407663
2019-03-06,128649.2332773144
2019-03-07,130569.89548285308
2019-03-08,127032.74132574578
2019-03-09,129162.31620007433
2019-03-10,128449.1499047738
2019-03-11,127175.11515822633
2019-03-12,130015.02294385042
2019-03-13,128764.91161286907
2019-03-14,128911.6102807314
2019-03-15,130644.92947572557
2019-03-16,136131.97493920504
2019-03-17,134072.26532131087
2019-03-18,133721.88131445533
2019-03-19,134548.44921338293
2019-03-20,133606.40830713458
2019-03-21,129500.63434632037
2019-03-22,131744.83958140394
2019-03-23,132127.9251567794
2019-03-24,137401.2699438916
2019-03-25,134859.49786124963
2019-03-26,133903.19623195461
2019-03-27,138089.9135060225
2019-03-28,137427.0019518406
2019-03-29,137996.72146974693
2019-03-30,139082.5858413366
2019-03-31,140128.833009107
2019-04-01,142297.75728261122
2019-04-02,155927.90245536534
2019-04-03,152351.39784242105
2019-04-04,152241.7844615109
2019-04-05,155558.62130789764
2019-04-06,154810.51112684552
2019-04-07,157667.26516756965
2019-04-08,156949.27155641062
2019-04-09,154272.44453567467
2019-04-10,157270.46458205566
2019-04-11,149129.35734213763
2019-04-12,152647.6046218331
2019-04-13,153816.86312386504
2019-04-14,156922.56706463086
2019-04-15,154088.05799625572
2019-04-16,157749.14107113265
2019-04-17,156861.66266818962
2019-04-18,166282.5297696486
2019-04-19,171812.60340364135
2019-04-20,173732.6604537561
2019-04-21,168727.715911977
2019-04-22,169530.83109719653
2019-04-23,168762.1630542765
2019-04-24,166386.3038634797
2019-04-25,157892.9117186144
2019-04-26,160714.3727139498
2019-04-27,160037.47552844233
2019-04-28,161157.36620491446
2019-04-29,157250.87221318838
2019-04-30,161656.46124103022
2019-05-01,161299.72492044483
2019-05-02,166721.4964788675
2019-05-03,171698.41377352425
2019-05-04,168912.18025368027
2019-05-05,168689.78877415613
2019-05-06,169345.16796781324
2019-05-07,165811.68444377504
2019-05-08,167406.49455633172
2019-05-09,164186.16942236063
2019-05-10,169082.72200270856
2019-05-11,187803.34338980602
2019-05-12,182681.75571889777
2019-05-13,201647.44004145113
2019-05-14,209602.6839826461
2019-05-15,230887.4498855074
2019-05-16,232282.34761415372
2019-05-17,218900.2588690377
2019-05-18,222806.01453411405
2019-05-19,242758.88524328108
2019-05-20,237349.4180023878
2019-05-21,245548.2592774242
2019-05-22,237855.44755993248
2019-05-23,240507.25243386932
2019-05-24,248937.816908675
2019-05-25,253569.96807907143
2019-05-26,261973.96869057222
2019-05-27,263963.08742152253
2019-05-28,261917.5827236323
2019-05-29,261569.07574223544
2019-05-30,249990.6253925936
2019-05-31,257684.65956495333
2019-06-01,257395.60808558142
2019-06-02,261161.49167640522
2019-06-03,245489.56001195923
2019-06-04,231599.70830885915
2019-06-05,238848.61596751527
2019-06-06,240846.78525882255
2019-06-07,243810.5994026486
2019-06-08,242481.42980046847
2019-06-09,231800.03806798384
2019-06-10,243515.09651778825
2019-06-11,242709.33977963563
2019-06-12,256017.2152052372
2019-06-13,256483.94978907163
2019-06-14,258545.4988361431
2019-06-15,260995.19246477753
2019-06-16,261574.81681558356
2019-06-17,270398.2919089597
2019-06-18,266156.34463646717
2019-06-19,271968.0721971955
2019-06-20,278988.04437263723
2019-06-21,298139.07017019467
2019-06-22,305580.3762249614
2019-06-23,304789.25718145893
2019-06-24,307942.74582228746
2019-06-25,313850.52485307807
2019-06-26,330582.45092215925
2019-06-27,288110.07457760023
2019-06-28,290101.2673976496
2019-06-29,292323.39364710613
2019-06-30,284322.91068832926
2019-07-01,282634.4487905096
2019-07-02,281311.0649294706
2019-07-03,297208.28899818624
2019-07-04,285254.95035332005
2019-07-05,283744.5057824368
2019-07-06,285126.815939182
2019-07-07,295140.1785118215
2019-07-08,305651.1984115366
2019-07-09,304297.1664795219
2019-07-10,290951.3849152809
2019-07-11,271820.78875530115
2019-07-12,284323.72128250124
2019-07-13,278022.93077378656
2019-07-14,256868.6342710274
2019-07-15,259546.91160136345
2019-07-16,259546.91160136345
2019-07-17,259546.91160136345
2019-07-18,259546.91160136345
2019-07-19,259546.91160136345
2019-07-20,259546.91160136345
2019-07-21,259546.91160136345
2019-07-22,259546.91160136345
2019-07-23,259546.91160136345
2019-07-24,259546.91160136345
2019-07-25,259546.91160136345
2019-07-26,259546.91160136345
2019-07-27,259546.91160136345
2019-07-28,259546.91160136345
2019-07-29,259546.91160136345
2019-07-30,259546.91160136345
2019-07-31,259546.91160136345
2019-08-01,259546.91160136345
2019-08-02,259546.91160136345
2019-08-03,259546.91160136345
2019-08-04,259546.91160136345
2019-08-05,259546.91160136345
2019-08-06,259546.91160136345
2019-08-07,259546.91160136345
2019-08-08,259546.91160136345
2019-08-09,259546.91160136345
2019-08-10,259546.91160136345
2019-08-11,259546.91160136345
2019-08-12,259546.91160136345
2019-08-13,259546.91160136345
2019-08-14,259546.91160136345
2019-08-15,259546.91160136345
2019-08-16,259546.91160136345
2019-08-17,259546.91160136345
2019-08-18,259546.91160136345
2019-08-19,259546.91160136345
2019-08-20,259546.91160136345
2019-08-21,259546.91160136345
2019-08-22,259546.91160136345
2019-08-23,259546.91160136345
2019-08-24,259546.91160136345
2019-08-25,259546.91160136345
2019-08-26,259546.91160136345
2019-08-27,259546.91160136345
2019-08-28,259546.91160136345
2019-08-29,259546.91160136345
2019-08-30,259546.91160136345
2019-08-31,259546.91160136345
2019-09-01,259546.91160136345
2019-09-02,259546.91160136345
2019-09-03,259546.91160136345
2019-09-04,259546.91160136345
2019-09-05,259546.91160136345
2019-09-06,259546.91160136345
2019-09-07,259546.91160136345
2019-09-08,259546.91160136345
2019-09-09,259546.91160136345
2019-09-10,259546.91160136345
2019-09-11,259546.91160136345
2019-09-12,259546.91160136345
2019-09-13,259546.91160136345
2019-09-14,259546.91160136345
2019-09-15,259546.91160136345
2019-09-16,259546.91160136345
2019-09-17,259546.91160136345
2019-09-18,259546.91160136345
2019-09-19,259546.91160136345
2019-09-20,259546.91160136345
2019-09-21,259546.91160136345
2019-09-22,259546.91160136345
2019-09-23,259546.91160136345
2019-09-24,259546.91160136345
2019-09-25,259546.91160136345
2019-09-26,259546.91160136345
2019-09-27,259546.91160136345
2019-09-28,259546.91160136345
2019-09-29,259546.91160136345
2019-09-30,259546.91160136345
2019-10-01,259546.91160136345
2019-10-02,259546.91160136345
2019-10-03,259546.91160136345
2019-10-04,259546.91160136345
2019-10-05,259546.91160136345
2019-10-06,259546.91160136345
2019-10-07,259546.91160136345
2019-10-08,259546.91160136345
2019-10-09,259546.91160136345
2019-10-10,259546.91160136345
2019-10-11,259546.91160136345
2019-10-12,259546.91160136345
2019-10-13,259546.91160136345
2019-10-14,259546.91160136345
2019-10-15,259546.91160136345
2019-10-16,259546.91160136345
2019-10-17,259546.91160136345
2019-10-18,259546.91160136345
2019-10-19,259546.91160136345
2019-10-20,259546.91160136345
2019-10-21,259546.91160136345
2019-10-22,259546.91160136345
2019-10-23,259546.91160136345
2019-10-24,259546.91160136345
2019-10-25,259546.91160136345
2019-10-26,259546.91160136345
2019-10-27,259546.91160136345
2019-10-28,259546.91160136345
2019-10-29,259728.7298236439
2019-10-30,259482.31065550723
2019-10-31,259474.9263263996
2019-11-01,259473.8950177368
2019-11-02,259551.6362682885
2019-11-03,259453.12315395157
2019-11-04,259625.15138985892
2019-11-05,259628.4997770443
2019-11-06,259770.9601842674
2019-11-07,259633.92701071512
2019-11-08,259078.74659036307
2019-11-09,259228.85323365527
2019-11-10,259442.8247752789
2019-11-11,259132.79430162965
2019-11-12,259138.33496798217
2019-11-13,259138.0417154199
2019-11-14,259015.28064005508
2019-11-15,258713.9631789094
2019-11-16,258833.92228423638
2019-11-17,258863.210869642
2019-11-18,258491.79105813082
2019-11-19,256359.4318564646
2019-11-20,254057.45581464568
2019-11-21,240577.28907890388
2019-11-22,231681.8108331022
2019-11-23,233228.1236905203
2019-11-24,229000.46903661167
2019-11-25,229000.46903661167
2019-11-26,229000.46903661167
2019-11-27,229000.46903661167
2019-11-28,229000.46903661167
2019-11-29,229000.46903661167
2019-11-30,229000.46903661167
2019-12-01,229000.46903661167
2019-12-02,229000.46903661167
2019-12-03,229000.46903661167
2019-12-04,229000.46903661167
2019-12-05,229000.46903661167
2019-12-06,229000.46903661167
2019-12-07,229000.46903661167
2019-12-08,229000.46903661167
2019-12-09,229000.46903661167
2019-12-10,229000.46903661167
2019-12-11,229000.46903661167
2019-12-12,229000.46903661167
2019-12-13,229000.46903661167
2019-12-14,229000.46903661167
2019-12-15,229000.46903661167
2019-12-16,229000.46903661167
2019-12-17,229000.46903661167
2019-12-18,229000.46903661167
2019-12-19,229000.46903661167
2019-12-20,229000.46903661167
2019-12-21,229000.46903661167
2019-12-22,229000.46903661167
2019-12-23,229000.46903661167
2019-12-24,229000.46903661167
2019-12-25,229000.46903661167
2019-12-26,229000.46903661167
2019-12-27,229000.46903661167
2019-12-28,229000.46903661167
2019-12-29,229000.46903661167
2019-12-30,229000.46903661167
2019-12-31,229000.46903661167
2020-01-01,229000.46903661167
2020-01-02,229000.46903661167
2020-01-03,229000.46903661167
2020-01-04,229000.46903661167
2020-01-05,229000.46903661167
2020-01-06,229000.46903661167
2020-01-07,229000.46903661167
2020-01-08,229000.46903661167
2020-01-09,229000.46903661167
2020-01-10,229000.46903661167
2020-01-11,229000.46903661167
2020-01-12,229000.46903661167
2020-01-13,229000.46903661167
2020-01-14,229000.46903661167
2020-01-15,229000.46903661167
2020-01-16,229000.46903661167
2020-01-17,229000.46903661167
2020-01-18,229000.46903661167
2020-01-19,229000.46903661167
2020-01-20,229000.46903661167
2020-01-21,229000.46903661167
2020-01-22,229000.46903661167
2020-01-23,229000.46903661167
2020-01-24,229000.46903661167
2020-01-25,229000.46903661167
2020-01-26,229000.46903661167
2020-01-27,229000.46903661167
2020-01-28,229000.46903661167
2020-01-29,229000.46903661167
2020-01-30,229000.46903661167
2020-01-31,229000.46903661167
2020-02-01,229000.46903661167
2020-02-02,229000.46903661167
2020-02-03,229000.46903661167
2020-02-04,229000.46903661167
2020-02-05,229000.46903661167
2020-02-06,229000.46903661167
2020-02-07,229000.46903661167
2020-02-08,229000.46903661167
2020-02-09,229000.46903661167
2020-02-10,229000.46903661167
2020-02-11,229000.46903661167
2020-02-12,229000.46903661167
2020-02-13,229000.46903661167
2020-02-14,229000.46903661167
2020-02-15,229000.46903661167
2020-02-16,229000.46903661167
2020-02-17,229000.46903661167
2020-02-18,229000.46903661167
2020-02-19,229000.46903661167
2020-02-20,229000.46903661167
2020-02-21,229000.46903661167
2020-02-22,229000.46903661167
2020-02-23,229000.46903661167
2020-02-24,229000.46903661167
2020-02-25,229000.46903661167
2020-02-26,229000.46903661167
2020-02-27,229000.46903661167
2020-02-28,229000.46903661167
2020-02-29,229000.46903661167
2020-03-01,229000.46903661167
2020-03-02,229000.46903661167
2020-03-03,229000.46903661167
2020-03-04,229000.46903661167
2020-03-05,229000.46903661167
2020-03-06,229000.46903661167
2020-03-07,229000.46903661167
2020-03-08,229000.46903661167
2020-03-09,229000.46903661167
2020-03-10,229040.9598093947
2020-03-11,228849.51553893156
2020-03-12,226517.86448833073
2020-03-13,226517.86448833073
2020-03-14,226517.86448833073
2020-03-15,226517.86448833073
2020-03-16,226517.86448833073
2020-03-17,227068.71895551382
2020-03-18,227125.94389571654
2020-03-19,229454.7043499802
2020-03-20,229166.36788537374
2020-03-21,229232.08252614414
2020-03-22,228278.86660270655
2020-03-23,229501.6436937212
2020-03-24,229825.7818025977
2020-03-25,229701.90410600233
2020-03-26,230105.5164989313
2020-03-27,229934.50305126765
2020-03-28,229779.35764646003
2020-03-29,229219.162963314
2020-03-30,229858.28625526297
2020-03-31,229975.2975749779
2020-04-01,230184.189960191
2020-04-02,230581.1846826332
2020-04-03,230642.61065731727
2020-04-04,230953.48126091485
2020-04-05,230831.55565076374
2020-04-06,232276.5918694863
2020-04-07,232114.08050592625
2020-04-08,232412.10188737116
2020-04-09,232389.3828179569
2020-04-10,231662.04526408194
2020-04-11,231717.64622194655
2020-04-12,231931.1228312068
2020-04-13,231928.4140768707
2020-04-14,232037.77984961192
2020-04-15,231608.08169487526
2020-04-16,232541.80832678653
2020-04-17,232539.31221082303
2020-04-18,233235.00996712537
2020-04-19,232903.6897529371
2020-04-20,232250.36132435806
2020-04-21,232308.8229121672
2020-04-22,232732.2719182262
2020-04-23,232946.0894347793
2020-04-24,233084.47345935786
2020-04-25,233328.9812693972
2020-04-26,233426.51313155208
2020-04-27,233469.55878425756
2020-04-28,233462.1398542259
2020-04-29,234370.33977231267
2020-04-30,233954.60326102204
2020-05-01,234294.93031870984
2020-05-02,234412.3393547243
2020-05-03,234152.8494704136
2020-05-04,234044.45896609267
2020-05-05,232788.63255785205
2020-05-06,231986.23782541972
2020-05-07,240941.71564740097
2020-05-08,241019.91972426284
2020-05-09,238727.3473179536
2020-05-10,217782.06645472883
2020-05-11,212342.8605943677
2020-05-12,216771.62997294043
2020-05-13,226065.28888819803
2020-05-14,232865.759441475
2020-05-15,224744.86612241028
2020-05-16,227276.23119281649
2020-05-17,232894.18695544833
2020-05-18,236304.83744507335
2020-05-19,236304.83744507335
2020-05-20,236304.83744507335
2020-05-21,236304.83744507335
2020-05-22,236304.83744507335
2020-05-23,236304.83744507335
2020-05-24,236304.83744507335
2020-05-25,236304.83744507335
2020-05-26,236304.83744507335
2020-05-27,236304.83744507335
2020-05-28,236304.83744507335
2020-05-29,236304.83744507335
2020-05-30,236304.83744507335
2020-05-31,236304.83744507335
2020-06-01,236304.83744507335
2020-06-02,236304.83744507335
2020-06-03,236304.83744507335
2020-06-04,236304.83744507335
2020-06-05,236304.83744507335
2020-06-06,236304.83744507335
2020-06-07,236304.83744507335
2020-06-08,236304.83744507335
2020-06-09,236304.83744507335
2020-06-10,236304.83744507335
2020-06-11,236304.83744507335
2020-06-12,236304.83744507335
2020-06-13,236304.83744507335
2020-06-14,236304.83744507335
2020-06-15,236304.83744507335
2020-06-16,236304.83744507335
2020-06-17,236304.83744507335
2020-06-18,236304.83744507335
2020-06-19,236304.83744507335
2020-06-20,236304.83744507335
2020-06-21,236304.83744507335
2020-06-22,236304.83744507335
2020-06-23,236304.83744507335
2020-06-24,236304.83744507335
2020-06-25,236304.83744507335
2020-06-26,236304.83744507335
2020-06-27,236304.83744507335
2020-06-28,236304.83744507335
2020-06-29,236304.83744507335
2020-06-30,236304.83744507335
2020-07-01,236304.83744507335
2020-07-02,236304.83744507335
2020-07-03,236304.83744507335
2020-07-04,236304.83744507335
2020-07-05,236304.83744507335
2020-07-06,236304.83744507335
2020-07-07,236304.83744507335
2020-07-08,236304.83744507335
2020-07-09,236304.83744507335
2020-07-10,236304.83744507335
2020-07-11,236304.83744507335
2020-07-12,236304.83744507335
2020-07-13,236304.83744507335
2020-07-14,236304.83744507335
2020-07-15,236304.83744507335
2020-07-16,236304.83744507335
2020-07-17,236304.83744507335
2020-07-18,236304.83744507335
2020-07-19,236304.83744507335
2020-07-20,236304.83744507335
2020-07-21,236304.83744507335
2020-07-22,236304.83744507335
2020-07-23,236304.83744507335
2020-07-24,236304.83744507335
2020-07-25,236304.83744507335
2020-07-26,236304.83744507335
2020-07-27,236304.83744507335
2020-07-28,236304.83744507335
2020-07-29,236304.83744507335
2020-07-30,236304.83744507335
2020-07-31,236304.83744507335
2020-08-01,236304.83744507335
2020-08-02,236304.83744507335
2020-08-03,236304.83744507335
2020-08-04,236304.83744507335
2020-08-05,236304.83744507335
2020-08-06,236304.83744507335
2020-08-07,236304.83744507335
2020-08-08,236304.83744507335
2020-08-09,236304.83744507335
2020-08-10,236304.83744507335
2020-08-11,236304.83744507335
2020-08-12,236304.83744507335
2020-08-13,236304.83744507335
2020-08-14,236304.83744507335
2020-08-15,236304.83744507335
2020-08-16,236304.83744507335
2020-08-17,236304.83744507335
2020-08-18,236304.83744507335
2020-08-19,236304.83744507335
2020-08-20,236304.83744507335
2020-08-21,236304.83744507335
2020-08-22,236304.83744507335
2020-08-23,236304.83744507335
2020-08-24,236304.83744507335
2020-08-25,236304.83744507335
2020-08-26,236304.83744507335
2020-08-27,236304.83744507335
2020-08-28,236304.83744507335
2020-08-29,236304.83744507335
2020-08-30,236304.83744507335
2020-08-31,236304.83744507335
2020-09-01,253330.3440047394
2020-09-02,240805.10264802884
2020-09-03,208784.58171618255
2020-09-04,207584.25182744878
2020-09-05,203807.2983965256
2020-09-06,203807.2983965256
2020-09-07,203807.2983965256
2020-09-08,203807.2983965256
2020-09-09,203807.2983965256
2020-09-10,203807.2983965256
2020-09-11,203807.2983965256
2020-09-12,203807.2983965256
2020-09-13,203807.2983965256
2020-09-14,203807.2983965256
2020-09-15,203807.2983965256
2020-09-16,203807.2983965256
2020-09-17,203807.2983965256
2020-09-18,203807.2983965256
2020-09-19,203807.2983965256
2020-09-20,203807.2983965256
2020-09-21,203807.2983965256
2020-09-22,203807.2983965256
2020-09-23,203807.2983965256
2020-09-24,203807.2983965256
2020-09-25,203807.2983965256
2020-09-26,203807.2983965256
2020-09-27,203807.2983965256
2020-09-28,203807.2983965256
2020-09-29,203807.2983965256
2020-09-30,203807.2983965256
2020-10-01,203807.2983965256
2020-10-02,203807.2983965256
2020-10-03,203807.2983965256
2020-10-04,203807.2983965256
2020-10-05,203807.2983965256
2020-10-06,203807.2983965256
2020-10-07,203807.2983965256
2020-10-08,203807.2983965256
2020-10-09,203807.2983965256
2020-10-10,203807.2983965256
2020-10-11,203807.2983965256
2020-10-12,203807.2983965256
2020-10-13,203807.2983965256
2020-10-14,203807.2983965256
2020-10-15,203807.2983965256
2020-10-16,203807.2983965256
2020-10-17,203807.2983965256
2020-10-18,203807.2983965256
2020-10-19,203807.2983965256
2020-10-20,203807.2983965256
2020-10-21,203807.2983965256
2020-10-22,203807.2983965256
2020-10-23,203807.2983965256
2020-10-24,203807.2983965256
2020-10-25,203807.2983965256
2020-10-26,203807.2983965256
2020-10-27,203807.2983965256
2020-10-28,203807.2983965256
2020-10-29,203807.2983965256
2020-10-30,203807.2983965256
2020-10-31,203807.2983965256
2020-11-01,203807.2983965256
2020-11-02,203807.2983965256
2020-11-03,203807.2983965256
2020-11-04,203807.2983965256
2020-11-05,203807.2983965256
2020-11-06,203807.2983965256
2020-11-07,203807.2983965256
2020-11-08,203807.2983965256
2020-11-09,203807.2983965256
2020-11-10,203807.2983965256
2020-11-11,203807.2983965256
2020-11-12,203807.2983965256
2020-11-13,203807.2983965256
2020-11-14,203807.2983965256
2020-11-15,203807.2983965256
2020-11-16,203807.2983965256
2020-11-17,203807.2983965256
2020-11-18,203807.2983965256
2020-11-19,203807.2983965256
2020-11-20,203807.2983965256
2020-11-21,203807.2983965256
2020-11-22,203807.2983965256
2020-11-23,203807.2983965256
2020-11-24,203807.2983965256
2020-11-25,203807.2983965256
2020-11-26,203807.2983965256
2020-11-27,203807.2983965256
2020-11-28,203807.2983965256
2020-11-29,203807.2983965256
2020-11-30,203807.2983965256
2020-12-01,203807.2983965256
2020-12-02,203807.2983965256
2020-12-03,203807.2983965256
2020-12-04,203807.2983965256
2020-12-05,203807.2983965256
2020-12-06,203807.2983965256
2020-12-07,203807.2983965256
2020-12-08,203807.2983965256
2020-12-09,203807.2983965256
2020-12-10,203807.2983965256
2020-12-11,203807.2983965256
2020-12-12,203807.2983965256
2020-12-13,203807.2983965256
2020-12-14,203807.2983965256
2020-12-15,203807.2983965256
2020-12-16,203807.2983965256
2020-12-17,203807.2983965256
2020-12-18,203807.2983965256
2020-12-19,203807.2983965256
2020-12-20,203807.2983965256
2020-12-21,203807.2983965256
2020-12-22,200514.31407669414
2020-12-23,178587.46924191646
2020-12-24,183168.33712207348
2020-12-25,187584.7390667283
2020-12-26,193914.66768598647
2020-12-27,198638.26572768486
2020-12-28,206379.00431910218
2020-12-29,206379.00431910218
2020-12-30,206379.00431910218
2020-12-31,206379.00431910218
2021-01-01,206379.00431910218
2021-01-02,206379.00431910218
2021-01-03,206379.00431910218
2021-01-04,206379.00431910218
2021-01-05,206379.00431910218
2021-01-06,206379.00431910218
2021-01-07,206379.00431910218
2021-01-08,206379.00431910218
2021-01-09,206379.00431910218
2021-01-10,206379.00431910218
2021-01-11,206379.00431910218
2021-01-12,206379.00431910218
2021-01-13,206379.00431910218
2021-01-14,206379.00431910218
2021-01-15,206379.00431910218
2021-01-16,206379.00431910218
2021-01-17,206379.00431910218
2021-01-18,206379.00431910218
2021-01-19,206379.00431910218
2021-01-20,206379.00431910218
2021-01-21,206379.00431910218
2021-01-22,206379.00431910218
2021-01-23,206379.00431910218
2021-01-24,206379.00431910218
2021-01-25,206379.00431910218
2021-01-26,206379.00431910218
2021-01-27,206379.00431910218
2021-01-28,206379.00431910218
2021-01-29,206379.00431910218
2021-01-30,206379.00431910218
2021-01-31,206379.00431910218
2021-02-01,206379.00431910218
2021-02-02,206379.00431910218
2021-02-03,206379.00431910218
2021-02-04,206379.00431910218
2021-02-05,206379.00431910218
2021-02-06,206379.00431910218
2021-02-07,206379.00431910218
2021-02-08,206379.00431910218
2021-02-09,206379.00431910218
2021-02-10,206379.00431910218
2021-02-11,206379.00431910218
2021-02-12,206379.00431910218
2021-02-13,206379.00431910218
2021-02-14,206379.00431910218
2021-02-15,206379.00431910218
2021-02-16,206379.00431910218
2021-02-17,206379.00431910218
2021-02-18,206379.00431910218
2021-02-19,206379.00431910218
2021-02-20,206379.00431910218
2021-02-21,206379.00431910218
2021-02-22,206379.00431910218
2021-02-23,206379.00431910218
2021-02-24,206379.00431910218
2021-02-25,206379.00431910218
2021-02-26,206379.00431910218
2021-02-27,206379.00431910218
2021-02-28,206379.00431910218
2021-03-01,206379.00431910218
2021-03-02,206379.00431910218
2021-03-03,206379.00431910218
2021-03-04,206379.00431910218
2021-03-05,206379.00431910218
2021-03-06,206379.00431910218
2021-03-07,206379.00431910218
2021-03-08,206379.00431910218
2021-03-09,206379.00431910218
2021-03-10,206379.00431910218
2021-03-11,206379.00431910218
2021-03-12,206379.00431910218
2021-03-13,206379.00431910218
2021-03-14,206379.00431910218
2021-03-15,206379.00431910218
2021-03-16,206379.00431910218
2021-03-17,206379.00431910218
2021-03-18,206379.00431910218
2021-03-19,206379.00431910218
2021-03-20,206379.00431910218
2021-03-21,206379.00431910218
2021-03-22,206379.00431910218
2021-03-23,206379.00431910218
2021-03-24,206379.00431910218
2021-03-25,206379.00431910218
2021-03-26,206379.00431910218
2021-03-27,206379.00431910218
2021-03-28,206379.00431910218
2021-03-29,206379.00431910218
2021-03-30,206379.00431910218
2021-03-31,206379.00431910218
2021-04-01,206379.00431910218
2021-04-02,206379.00431910218
2021-04-03,206379.00431910218
2021-04-04,206379.00431910218
2021-04-05,206379.00431910218
2021-04-06,206379.00431910218
2021-04-07,206379.00431910218
2021-04-08,206379.00431910218
2021-04-09,206379.00431910218
2021-04-10,206379.00431910218
2021-04-11,206379.00431910218
2021-04-12,206379.00431910218
2021-04-13,220181.18953331787
2021-04-14,217284.8754880584
2021-04-15,219726.0294932395
2021-04-16,210160.7409011016
2021-04-17,210614.54661029298
2021-04-18,196713.75048877948
2021-04-19,196713.75048877948
2021-04-20,196713.75048877948
2021-04-21,196713.75048877948
2021-04-22,196713.75048877948
2021-04-23,196713.75048877948
2021-04-24,196713.75048877948
2021-04-25,196713.75048877948
2021-04-26,196713.75048877948
2021-04-27,196713.75048877948
2021-04-28,196713.75048877948
2021-04-29,196713.75048877948
2021-04-30,196713.75048877948
2021-05-01,196713.75048877948
2021-05-02,196713.75048877948
2021-05-03,196713.75048877948
2021-05-04,196713.75048877948
2021-05-05,196713.75048877948
2021-05-06,196713.75048877948
2021-05-07,196713.75048877948
2021-05-08,196713.75048877948
2021-05-09,196713.75048877948
2021-05-10,196713.75048877948
2021-05-11,196713.75048877948
2021-05-12,196713.75048877948
2021-05-13,196713.75048877948
2021-05-14,196713.75048877948
2021-05-15,196713.75048877948
2021-05-16,196713.75048877948
2021-05-17,196713.75048877948
2021-05-18,196713.75048877948
2021-05-19,196713.75048877948
2021-05-20,196713.75048877948
2021-05-21,196713.75048877948
2021-05-22,196713.75048877948
2021-05-23,196713.75048877948
2021-05-24,196713.75048877948
2021-05-25,196713.75048877948
2021-05-26,196713.75048877948
2021-05-27,196713.75048877948
2021-05-28,196713.75048877948
2021-05-29,196713.75048877948
2021-05-30,196713.75048877948
2021-05-31,196713.75048877948
2021-06-01,196713.75048877948
2021-06-02,196713.75048877948
2021-06-03,196713.75048877948
2021-06-04,196713.75048877948
2021-06-05,196713.75048877948
2021-06-06,196713.75048877948
2021-06-07,196713.75048877948
2021-06-08,196713.75048877948
2021-06-09,196713.75048877948
2021-06-10,196713.75048877948
2021-06-11,196713.75048877948
2021-06-12,196713.75048877948
2021-06-13,196713.75048877948
2021-06-14,196713.75048877948
2021-06-15,196713.75048877948
2021-06-16,196713.75048877948
2021-06-17,196713.75048877948
2021-06-18,196713.75048877948
2021-06-19,196713.75048877948
2021-06-20,196713.75048877948
2021-06-21,196713.75048877948
2021-06-22,196713.75048877948
2021-06-23,196713.75048877948
2021-06-24,196713.75048877948
2021-06-25,196713.75048877948
2021-06-26,196713.75048877948
2021-06-27,196713.75048877948
2021-06-28,196713.75048877948
2021-06-29,196713.75048877948
2021-06-30,196713.75048877948
2021-07-01,196713.75048877948
2021-07-02,196713.75048877948
2021-07-03,196713.75048877948
2021-07-04,196713.75048877948
2021-07-05,196713.75048877948
2021-07-06,196713.75048877948
2021-07-07,196713.75048877948
2021-07-08,196713.75048877948
2021-07-09,196713.75048877948
2021-07-10,196713.75048877948
2021-07-11,196713.75048877948
2021-07-12,196713.75048877948
2021-07-13,196713.75048877948
2021-07-14,196713.75048877948
2021-07-15,196713.75048877948
2021-07-16,196713.75048877948
2021-07-17,196713.75048877948
2021-07-18,196713.75048877948
2021-07-19,196713.75048877948
2021-07-20,196713.75048877948
2021-07-21,196713.75048877948
2021-07-22,196713.75048877948
2021-07-23,196713.75048877948
2021-07-24,196713.75048877948
2021-07-25,196713.75048877948
2021-07-26,196713.75048877948
2021-07-27,196713.75048877948
2021-07-28,196713.75048877948
2021-07-29,196713.75048877948
2021-07-30,196713.75048877948
2021-07-31,196713.75048877948
2021-08-01,196713.75048877948
2021-08-02,196713.75048877948
2021-08-03,189792.71578770256
2021-08-04,199822.31833593303
2021-08-05,204113.1531106969
2021-08-06,210163.89890340145
2021-08-07,237686.51407226885
2021-08-08,226277.55752054098
2021-08-09,239870.90909865522
2021-08-10,241725.7045242737
2021-08-11,244587.41650468184
2021-08-12,238198.2226777117
2021-08-13,258865.39665946134
2021-08-14,254619.54102653117
2021-08-15,275536.99899429904
2021-08-16,287769.5521101027
2021-08-17,283467.05181733926
2021-08-18,296649.5406706647
2021-08-19,305916.24964640127
2021-08-20,323717.94197402365
2021-08-21,313330.84967432776
2021-08-22,313222.6261939365
2021-08-23,320496.9658152411
2021-08-24,304696.6313181795
2021-08-25,310897.5573433761
2021-08-26,307282.95256317244
2021-08-27,335347.8568366813
2021-08-28,346326.1148230729
2021-08-29,342457.8779180813
2021-08-30,361230.0938604858
2021-08-31,360562.3495879535
2021-09-01,374360.54644428345
2021-09-02,392572.2887157228
2021-09-03,415714.7993774299
2021-09-04,409854.14440839674
2021-09-05,419418.6461901305
2021-09-06,443693.35461842286
2021-09-07,411890.3416651093
2021-09-08,427988.6629700431
2021-09-09,425428.406035386
2021-09-10,417933.1790032829
2021-09-11,417035.8280923981
2021-09-12,413139.7932875811
2021-09-13,408399.9633435447
2021-09-14,409938.3042498403
2021-09-15,417210.5870689802
2021-09-16,406860.55805851927
2021-09-17,398061.61100767495
2021-09-18,419774.16044407635
2021-09-19,399803.8779664284
2021-09-20,353254.8181084374
2021-09-21,332977.88989150804
2021-09-22,383216.4698592728
2021-09-23,387675.5390667705
2021-09-24,362332.2571338275
2021-09-25,358634.51706196606
2021-09-26,364080.87964175135
2021-09-27,357198.42088678555
2021-09-28,357198.42088678555
2021-09-29,357198.42088678555
2021-09-30,357198.42088678555
2021-10-01,357198.42088678555
2021-10-02,357198.42088678555
2021-10-03,357198.42088678555
2021-10-04,357198.42088678555
2021-10-05,357198.42088678555
2021-10-06,357198.42088678555
2021-10-07,357198.42088678555
2021-10-08,357198.42088678555
2021-10-09,357198.42088678555
2021-10-10,357198.42088678555
2021-10-11,357198.42088678555
2021-10-12,357198.42088678555
2021-10-13,357198.42088678555
2021-10-14,357198.42088678555
2021-10-15,357198.42088678555
2021-10-16,357198.42088678555
2021-10-17,357198.42088678555
2021-10-18,357198.42088678555
2021-10-19,357198.42088678555
2021-10-20,357198.42088678555
2021-10-21,357198.42088678555
2021-10-22,357198.42088678555
2021-10-23,357198.42088678555
2021-10-24,357198.42088678555
2021-10-25,357198.42088678555
2021-10-26,357198.42088678555
2021-10-27,357198.42088678555
2021-10-28,357198.42088678555
2021-10-29,357198.42088678555
2021-10-30,357198.42088678555
2021-10-31,357198.42088678555
2021-11-01,357198.42088678555
2021-11-02,357198.42088678555
2021-11-03,357198.42088678555
2021-11-04,357198.42088678555
2021-11-05,357198.42088678555
2021-11-06,357198.42088678555
2021-11-07,357198.42088678555
2021-11-08,357198.42088678555
2021-11-09,357198.42088678555
2021-11-10,357198.42088678555
2021-11-11,357198.42088678555
2021-11-12,357198.42088678555
2021-11-13,357198.42088678555
2021-11-14,357198.42088678555
2021-11-15,357198.42088678555
2021-11-16,357198.42088678555
2021-11-17,357198.42088678555
2021-11-18,357198.42088678555
2021-11-19,357198.42088678555
2021-11-20,357198.42088678555
2021-11-21,357198.42088678555
2021-11-22,357198.42088678555
2021-11-23,357198.42088678555
2021-11-24,357198.42088678555
2021-11-25,357198.42088678555
2021-11-26,357198.42088678555
2021-11-27,357198.42088678555
2021-11-28,357198.42088678555
2021-11-29,357198.42088678555
2021-11-30,357198.42088678555
2021-12-01,357198.42088678555
2021-12-02,357198.42088678555
2021-12-03,357198.42088678555
2021-12-04,357198.42088678555
2021-12-05,357198.42088678555
2021-12-06,357198.42088678555
2021-12-07,357198.42088678555
2021-12-08,357198.42088678555
2021-12-09,357198.42088678555
2021-12-10,357198.42088678555
2021-12-11,357198.42088678555
2021-12-12,357198.42088678555
2021-12-13,357198.42088678555
2021-12-14,357198.42088678555
2021-12-15,357198.42088678555
2021-12-16,357198.42088678555
2021-12-17,357198.42088678555
2021-12-18,357198.42088678555
2021-12-19,357198.42088678555
2021-12-20,357198.42088678555
2021-12-21,357198.42088678555
2021-12-22,357198.42088678555
2021-12-23,357198.42088678555
2021-12-24,357198.42088678555
2021-12-25,357198.42088678555
2021-12-26,357198.42088678555
2021-12-27,357198.42088678555
2021-12-28,357198.42088678555
2021-12-29,357198.42088678555
2021-12-30,357198.42088678555
2021-12-31,357198.42088678555
2022-01-01,357198.42088678555
2022-01-02,357198.42088678555
2022-01-03,357198.42088678555
2022-01-04,357198.42088678555
2022-01-05,357198.42088678555
2022-01-06,357198.42088678555
2022-01-07,357198.42088678555
2022-01-08,357198.42088678555
2022-01-09,357198.42088678555
2022-01-10,357198.42088678555
2022-01-11,358223.4915293948
2022-01-12,359316.0183436768
2022-01-13,358659.53063457867
2022-01-14,358993.10338336247
2022-01-15,359176.3922066498
2022-01-16,359266.38202685775
2022-01-17,358333.1728646725
2022-01-18,358267.8024343513
2022-01-19,357778.39289832505
2022-01-20,356949.3624164968
2022-01-21,355123.97199953086
2022-01-22,354907.56057429203
2022-01-23,354907.56057429203
2022-01-24,354907.56057429203
2022-01-25,355354.53320479114
2022-01-26,355082.4586504568
2022-01-27,355033.4422083958
2022-01-28,355378.9036809816
2022-01-29,355865.5655069898
2022-01-30,355508.7144096223
2022-01-31,356092.80241773126
2022-02-01,356523.2611440996
2022-02-02,355721.40398221643
2022-02-03,355798.2137402017
2022-02-04,357585.78305047954
2022-02-05,357885.0627687312
2022-02-06,358213.94087734225
2022-02-07,358838.1894065295
2022-02-08,358500.773234041
2022-02-09,358942.1856115375
2022-02-10,358426.96172337496
2022-02-11,357780.55230081605
2022-02-12,357780.1445398083
2022-02-13,357647.06072417024
2022-02-14,357861.2747052779
2022-02-15,359159.62783659925
2022-02-16,358888.5829445416
2022-02-17,357477.1106546231
2022-02-18,357379.01370170503
2022-02-19,357613.6366242009
2022-02-20,356726.2362143441
2022-02-21,355701.35385983554
2022-02-22,356208.99463997816
2022-02-23,355735.06630997156
2022-02-24,355897.63310149236
2022-02-25,357034.12234198785
2022-02-26,356903.759700724
2022-02-27,356069.4634397555
2022-02-28,358137.3587825738
2022-03-01,365661.037534047
2022-03-02,362129.19043290336
2022-03-03,353623.8171421158
2022-03-04,329901.65251024975
2022-03-05,340270.95481163467
2022-03-06,330172.24676723854
2022-03-07,330680.8823392305
2022-03-08,330769.9260220496
2022-03-09,331759.9886361942
2022-03-10,330855.3227162377
2022-03-11,331255.5815875137
2022-03-12,331160.6398938998
2022-03-13,330658.4261730926
2022-03-14,331190.8054254424
2022-03-15,327932.5105123483
2022-03-16,340761.2796074925
2022-03-17,339827.40376074973
2022-03-18,345585.4388176086
2022-03-19,353803.955412357
2022-03-20,345017.7446535919
2022-03-21,349288.9369010191
2022-03-22,355083.0966801333
2022-03-23,357968.1189878831
2022-03-24,363321.2641735747
2022-03-25,360968.2870714719
2022-03-26,363961.6893084442
2022-03-27,378232.5605345579
2022-03-28,379899.20583189523
2022-03-29,381239.3509770039
2022-03-30,382975.62002158095
2022-03-31,368045.367964816
2022-04-01,377178.79787152953
2022-04-02,372817.09952582215
2022-04-03,380973.5811617235
2022-04-04,378294.3039811838
2022-04-05,370025.15186582063
2022-04-06,346486.9765000172
2022-04-07,353563.63186956587
2022-04-08,343624.75866081077
2022-04-09,348915.7431655726
2022-04-10,344507.1323100314
2022-04-11,334635.83829971834
2022-04-12,334635.83829971834
2022-04-13,334635.83829971834
2022-04-14,334635.83829971834
2022-04-15,334635.83829971834
2022-04-16,334635.83829971834
2022-04-17,334635.83829971834
2022-04-18,334635.83829971834
2022-04-19,334635.83829971834
2022-04-20,334635.83829971834
2022-04-21,334635.83829971834
2022-04-22,334635.83829971834
2022-04-23,334635.83829971834
2022-04-24,334635.83829971834
2022-04-25,334635.83829971834
2022-04-26,334635.83829971834
2022-04-27,334635.83829971834
2022-04-28,334635.83829971834
2022-04-29,334635.83829971834
2022-04-30,334635.83829971834
2022-05-01,334635.83829971834
2022-05-02,334635.83829971834
2022-05-03,334635.83829971834
2022-05-04,334635.83829971834
2022-05-05,334635.83829971834
2022-05-06,334635.83829971834
2022-05-07,334635.83829971834
2022-05-08,334635.83829971834
2022-05-09,334635.83829971834
2022-05-10,334635.83829971834
2022-05-11,334635.83829971834
2022-05-12,334635.83829971834
2022-05-13,334635.83829971834
2022-05-14,334635.83829971834
2022-05-15,334635.83829971834
2022-05-16,334635.83829971834
2022-05-17,334635.83829971834
2022-05-18,334635.83829971834
2022-05-19,334635.83829971834
2022-05-20,334635.83829971834
2022-05-21,334635.83829971834
2022-05-22,334635.83829971834
2022-05-23,334635.83829971834
2022-05-24,334635.83829971834
2022-05-25,334635.83829971834
2022-05-26,334635.83829971834
2022-05-27,334635.83829971834
2022-05-28,334635.83829971834
2022-05-29,334635.83829971834
2022-05-30,334635.83829971834
2022-05-31,334635.83829971834
2022-06-01,334635.83829971834
2022-06-02,334635.83829971834
2022-06-03,334635.83829971834
2022-06-04,334635.83829971834
2022-06-05,334635.83829971834
2022-06-06,334635.83829971834
2022-06-07,334635.83829971834
2022-06-08,334635.83829971834
2022-06-09,334635.83829971834
2022-06-10,334635.83829971834
2022-06-11,334635.83829971834
2022-06-12,334635.83829971834
2022-06-13,334635.83829971834
2022-06-14,334635.83829971834
2022-06-15,334635.83829971834
2022-06-16,334635.83829971834
2022-06-17,334635.83829971834
2022-06-18,334635.83829971834
2022-06-19,334635.83829971834
2022-06-20,334635.83829971834
2022-06-21,334635.83829971834
2022-06-22,334635.83829971834
2022-06-23,334635.83829971834
2022-06-24,334635.83829971834
2022-06-25,334635.83829971834
2022-06-26,334635.83829971834
2022-06-27,334635.83829971834
2022-06-28,334635.83829971834
2022-06-29,334635.83829971834
2022-06-30,334635.83829971834
2022-07-01,334635.83829971834
2022-07-02,334635.83829971834
2022-07-03,334635.83829971834
2022-07-04,334635.83829971834
2022-07-05,334635.83829971834
2022-07-06,334635.83829971834
2022-07-07,334635.83829971834
2022-07-08,334635.83829971834
2022-07-09,334635.83829971834
2022-07-10,334635.83829971834
2022-07-11,334635.83829971834
2022-07-12,334635.83829971834
2022-07-13,334635.83829971834
2022-07-14,334635.83829971834
2022-07-15,334635.83829971834
2022-07-16,334635.83829971834
2022-07-17,334635.83829971834
2022-07-18,334635.83829971834
2022-07-19,334635.83829971834
2022-07-20,334635.83829971834
2022-07-21,334635.83829971834
2022-07-22,334635.83829971834
2022-07-23,334635.83829971834
2022-07-24,334635.83829971834
2022-07-25,334635.83829971834
2022-07-26,334676.87505374145
2022-07-27,336381.479742474
2022-07-28,337095.986574935
2022-07-29,337472.23035950656
2022-07-30,337166.17624902603
2022-07-31,336937.02594039805
2022-08-01,336751.45074252744
2022-08-02,336558.61495460424
2022-08-03,336782.6235354861
2022-08-04,336997.3221610363
2022-08-05,337321.9381486486
2022-08-06,337166.45212716545
2022-08-07,337387.3579593397
2022-08-08,337669.37286026776
2022-08-09,331492.39137816423
2022-08-10,340281.3305724185
2022-08-11,338560.21521576354
2022-08-12,341783.6745992203
2022-08-13,340017.59090945165
2022-08-14,337033.9685569542
2022-08-15,336629.3499642783
2022-08-16,332697.7266288357
2022-08-17,324060.3272123934
2022-08-18,321332.83182773355
2022-08-19,292510.069265711
2022-08-20,291005.00397801807
2022-08-21,291005.00397801807
2022-08-22,291005.00397801807
2022-08-23,291005.00397801807
2022-08-24,291005.00397801807
2022-08-25,291005.00397801807
2022-08-26,291005.00397801807
2022-08-27,291005.00397801807
2022-08-28,291005.00397801807
2022-08-29,291005.00397801807
2022-08-30,291005.00397801807
2022-08-31,291005.00397801807
2022-09-01,291005.00397801807
2022-09-02,291005.00397801807
2022-09-03,291005.00397801807
2022-09-04,291005.00397801807
2022-09-05,291005.00397801807
2022-09-06,291005.00397801807
2022-09-07,291005.00397801807
2022-09-08,291005.00397801807
2022-09-09,291005.00397801807
2022-09-10,291005.00397801807
2022-09-11,291005.00397801807
2022-09-12,291005.00397801807
2022-09-13,291005.00397801807
2022-09-14,291005.00397801807
2022-09-15,291005.00397801807
2022-09-16,291005.00397801807
2022-09-17,291005.00397801807
2022-09-18,291005.00397801807
2022-09-19,291005.00397801807
2022-09-20,291005.00397801807
2022-09-21,291005.00397801807
2022-09-22,291005.00397801807
2022-09-23,291005.00397801807
2022-09-24,291005.00397801807
2022-09-25,291005.00397801807
2022-09-26,291005.00397801807
2022-09-27,291005.00397801807
2022-09-28,291005.00397801807
2022-09-29,291005.00397801807
2022-09-30,291005.00397801807
2022-10-01,291005.00397801807
2022-10-02,291005.00397801807
2022-10-03,291005.00397801807
2022-10-04,291005.00397801807
2022-10-05,291005.00397801807
2022-10-06,291005.00397801807
2022-10-07,291005.00397801807
2022-10-08,291005.00397801807
2022-10-09,291005.00397801807
2022-10-10,291005.00397801807
2022-10-11,291005.00397801807
2022-10-12,291005.00397801807
2022-10-13,291005.00397801807
2022-10-14,291005.00397801807
2022-10-15,291005.00397801807
2022-10-16,291005.00397801807
2022-10-17,291005.00397801807
2022-10-18,291005.00397801807
2022-10-19,291005.00397801807
2022-10-20,291005.00397801807
2022-10-21,291005.00397801807
2022-10-22,291005.00397801807
2022-10-23,291005.00397801807
2022-10-24,291005.00397801807
2022-10-25,291005.00397801807
2022-10-26,291005.00397801807
2022-10-27,291005.00397801807
2022-10-28,291005.00397801807
2022-10-29,291005.00397801807
2022-10-30,291005.00397801807
2022-10-31,291005.00397801807
2022-11-01,291005.00397801807
2022-11-02,291005.00397801807
2022-11-03,291005.00397801807
2022-11-04,291005.00397801807
2022-11-05,291005.00397801807
2022-11-06,291005.00397801807
2022-11-07,291005.00397801807
2022-11-08,291005.00397801807
2022-11-09,291005.00397801807
2022-11-10,291005.00397801807
2022-11-11,291005.00397801807
2022-11-12,291005.00397801807
2022-11-13,291005.00397801807
2022-11-14,291005.00397801807
2022-11-15,291005.00397801807
2022-11-16,291005.00397801807
2022-11-17,291005.00397801807
2022-11-18,291005.00397801807
2022-11-19,291005.00397801807
2022-11-20,291005.00397801807
2022-11-21,291005.00397801807
2022-11-22,291005.00397801807
2022-11-23,291005.00397801807
2022-11-24,291005.00397801807
2022-11-25,291005.00397801807
2022-11-26,291005.00397801807
2022-11-27,291005.00397801807
2022-11-28,291005.00397801807
2022-11-29,291005.00397801807
2022-11-30,291005.00397801807
2022-12-01,291005.00397801807
2022-12-02,291005.00397801807
2022-12-03,291005.00397801807
2022-12-04,291005.00397801807
2022-12-05,291005.00397801807
2022-12-06,291010.6984859779
2022-12-07,290589.5608240021
2022-12-08,290961.2139849083
2022-12-09,290729.5629161267
2022-12-10,290723.4120171796
2022-12-11,290427.80072140007
2022-12-12,290236.60527455073
2022-12-13,290293.6518635841
2022-12-14,289990.0134947091
2022-12-15,289510.3329996805
2022-12-16,288456.7227472355
2022-12-17,288670.16007017676
2022-12-18,288579.92040016723
2022-12-19,288057.2814474778
2022-12-20,288662.90446466865
2022-12-21,288417.3192110888
2022-12-22,288685.91571327526
2022-12-23,288768.1470621405
2022-12-24,288743.1874502395
2022-12-25,288517.4021168245
2022-12-26,288800.99817264685
2022-12-27,288661.8573375786
2022-12-28,288311.67681452364
2022-12-29,288445.2825884217
2022-12-30,288254.6543839153
2022-12-31,288376.2759900534
2023-01-01,288344.7400698555
2023-01-02,288504.08610233245
2023-01-03,287420.73010127625
2023-01-04,299539.0548641172
2023-01-05,295730.2939885841
2023-01-06,299817.09203006123
2023-01-07,299633.32228040777
2023-01-08,308449.01113671187
2023-01-09,313433.75670548354
2023-01-10,319062.5875824558
2023-01-11,326678.30142342066
2023-01-12,333050.7601772618
2023-01-13,343705.53474363533
2023-01-14,359925.8811463384
2023-01-15,357208.0117677071
2023-01-16,354516.98648262926
2023-01-17,353245.56238063856
2023-01-18,340307.49258878676
2023-01-19,348266.62591011595
2023-01-20,367001.93939119496
2023-01-21,359984.19005810824
2023-01-22,366575.32794875035
2023-01-23,367962.1348185614
2023-01-24,354527.7319711223
2023-01-25,364913.3856207038
2023-01-26,363504.2286343839
2023-01-27,364415.34650227864
2023-01-28,363143.5587433552
2023-01-29,376057.52871430904
2023-01-30,362497.49147085566
2023-01-31,376271.3062420792
2023-02-01,380893.2528468176
2023-02-02,375306.11493767775
2023-02-03,379591.3267183518
2023-02-04,382971.36857266654
2023-02-05,373207.7689096243
2023-02-06,367503.464850385
2023-02-07,377688.65049988474
2023-02-08,372387.2568745347
2023-02-09,350103.2290149824
2023-02-10,346804.6779498556
2023-02-11,351645.5347431339
2023-02-12,350186.9073599732
2023-02-13,340887.1979442838
2023-02-14,348691.1502544731
2023-02-15,376339.09029598354
2023-02-16,364360.1810299503
2023-02-17,377158.97247844574
2023-02-18,378935.5891652804
2023-02-19,373806.36327826267
2023-02-20,379738.46795131546
2023-02-21,368457.1050062871
2023-02-22,362385.4519868752
2023-02-23,360381.6659117677
2023-02-24,349288.2524544138
2023-02-25,345611.1155559901
2023-02-26,354532.9069577824
2023-02-27,351130.5513553055
2023-02-28,343222.46922141797
2023-03-01,352870.33046883455
2023-03-02,348174.95988313295
2023-03-03,334021.1182155559
2023-03-04,331583.1977465058
2023-03-05,331876.77367436973
2023-03-06,330285.88928225747
2023-03-07,326788.98185866175
2023-03-08,312641.3837292285
2023-03-09,293586.3655561678
2023-03-10,288375.9666599428
2023-03-11,288375.9666599428
2023-03-12,288375.9666599428
2023-03-13,288375.9666599428
2023-03-14,288375.9666599428
2023-03-15,288375.9666599428
2023-03-16,288375.9666599428
2023-03-17,288375.9666599428
2023-03-18,288375.9666599428
2023-03-19,288375.9666599428
2023-03-20,288375.9666599428
2023-03-21,288375.9666599428
2023-03-22,288375.9666599428
2023-03-23,288375.9666599428
2023-03-24,288375.9666599428
2023-03-25,288375.9666599428
2023-03-26,288375.9666599428
2023-03-27,288375.9666599428
2023-03-28,288375.9666599428
2023-03-29,288375.9666599428
2023-03-30,288375.9666599428
2023-03-31,288375.9666599428
2023-04-01,288375.9666599428
2023-04-02,288375.9666599428
2023-04-03,288375.9666599428
2023-04-04,288375.9666599428
2023-04-05,288375.9666599428
2023-04-06,288375.9666599428
2023-04-07,288375.9666599428
2023-04-08,288375.9666599428
2023-04-09,288375.9666599428
2023-04-10,288375.9666599428
2023-04-11,288375.9666599428
2023-04-12,288375.9666599428
2023-04-13,288375.9666599428
2023-04-14,288375.9666599428
2023-04-15,288375.9666599428
2023-04-16,288375.9666599428
2023-04-17,288375.9666599428
2023-04-18,288375.9666599428
2023-04-19,288375.9666599428
2023-04-20,288375.9666599428
2023-04-21,288375.9666599428
2023-04-22,288375.9666599428
2023-04-23,288375.9666599428
2023-04-24,288375.9666599428
2023-04-25,288375.9666599428
2023-04-26,288375.9666599428
2023-04-27,288375.9666599428
2023-04-28,288375.9666599428
2023-04-29,288375.9666599428
2023-04-30,288375.9666599428
2023-05-01,288375.9666599428
2023-05-02,288375.9666599428
2023-05-03,288375.9666599428
2023-05-04,288375.9666599428
2023-05-05,288375.9666599428
2023-05-06,288375.9666599428
2023-05-07,288375.9666599428
2023-05-08,288375.9666599428
2023-05-09,288375.9666599428
2023-05-10,288375.9666599428
2023-05-11,288375.9666599428
2023-05-12,288375.9666599428
2023-05-13,288375.9666599428
2023-05-14,288375.9666599428
2023-05-15,288375.9666599428
2023-05-16,288375.9666599428
2023-05-17,288375.9666599428
2023-05-18,288375.9666599428
2023-05-19,288375.9666599428
2023-05-20,288375.9666599428
2023-05-21,288375.9666599428
2023-05-22,288375.9666599428
2023-05-23,288375.9666599428
2023-05-24,288375.9666599428
2023-05-25,288375.9666599428
2023-05-26,288375.9666599428
2023-05-27,288375.9666599428
2023-05-28,288375.9666599428
2023-05-29,288375.9666599428
2023-05-30,288375.9666599428
2023-05-31,288375.9666599428
2023-06-01,288375.9666599428
2023-06-02,288375.9666599428
2023-06-03,288375.9666599428
2023-06-04,288375.9666599428
2023-06-05,288375.9666599428
2023-06-06,288375.9666599428
2023-06-07,288375.9666599428
2023-06-08,288375.9666599428
2023-06-09,288375.9666599428
2023-06-10,288375.9666599428
2023-06-11,288375.9666599428
2023-06-12,288375.9666599428
2023-06-13,288375.9666599428
2023-06-14,288375.9666599428
2023-06-15,288375.9666599428
2023-06-16,288375.9666599428
2023-06-17,288375.9666599428
2023-06-18,288375.9666599428
2023-06-19,288375.9666599428
2023-06-20,288375.9666599428
2023-06-21,288375.9666599428
2023-06-22,288375.9666599428
2023-06-23,288375.9666599428
2023-06-24,288375.9666599428
2023-06-25,288375.9666599428
2023-06-26,288375.9666599428
2023-06-27,292169.1449119983
2023-06-28,283332.8035917592
2023-06-29,287632.21085791005
2023-06-30,291781.5365773514
2023-07-01,291590.7612355277
2023-07-02,294553.79738578957
2023-07-03,298196.32670197706
2023-07-04,295688.0529873609
2023-07-05,291580.57889491925
2023-07-06,283550.9794638477
2023-07-07,287069.24788135994
2023-07-08,287034.76063901023
2023-07-09,286093.986574233
2023-07-10,289612.46603245573
2023-07-11,289760.77960698825
2023-07-12,287781.0294812884
2023-07-13,349469.1649135219
2023-07-14,342396.5906280645
2023-07-15,341870.6040143921
2023-07-16,341322.8359657001
2023-07-17,340377.28192931745
2023-07-18,332846.6152293264
2023-07-19,336047.8431359426
2023-07-20,331495.22192080435
2023-07-21,332714.4401821936
2023-07-22,326325.6040745536
2023-07-23,329922.1711020139
2023-07-24,318331.2621227459
2023-07-25,319083.17555433913
2023-07-26,329095.48200912494
2023-07-27,327892.9793263606
2023-07-28,326979.2003136812
2023-07-29,328603.8634158415
2023-07-30,323038.58915155247
2023-07-31,319424.4987332414
2023-08-01,323619.2697488419
2023-08-02,314526.52661260584
2023-08-03,309125.96429390716
2023-08-04,305093.4063940159
2023-08-05,303167.74816055776
2023-08-06,304837.82478539884
2023-08-07,304642.03857870895
2023-08-08,315052.0730050438
2023-08-09,315232.83924860915
2023-08-10,314111.53262631036
2023-08-11,313653.64358943293
2023-08-12,314412.9599140259
2023-08-13,310847.63782062416
2023-08-14,316581.55865632265
2023-08-15,316581.55865632265
2023-08-16,316581.55865632265
2023-08-17,316581.55865632265
2023-08-18,316581.55865632265
2023-08-19,316581.55865632265
2023-08-20,316581.55865632265
2023-08-21,316581.55865632265
2023-08-22,316581.55865632265
2023-08-23,316581.55865632265
2023-08-24,316581.55865632265
2023-08-25,316581.55865632265
2023-08-26,316581.55865632265
2023-08-27,316581.55865632265
2023-08-28,316581.55865632265
2023-08-29,316581.55865632265
2023-08-30,316581.55865632265
2023-08-31,316581.55865632265
2023-09-01,316581.55865632265
2023-09-02,316581.55865632265
2023-09-03,316581.55865632265
2023-09-04,316581.55865632265
2023-09-05,316581.55865632265
2023-09-06,316581.55865632265
2023-09-07,316581.55865632265
2023-09-08,316581.55865632265
2023-09-09,316581.55865632265
2023-09-10,316581.55865632265
2023-09-11,316581.55865632265
2023-09-12,316581.55865632265
2023-09-13,316581.55865632265
2023-09-14,316581.55865632265
2023-09-15,316581.55865632265
2023-09-16,316581.55865632265
2023-09-17,316581.55865632265
2023-09-18,316581.55865632265
2023-09-19,316581.55865632265
2023-09-20,316581.55865632265
2023-09-21,316581.55865632265
2023-09-22,316581.55865632265
2023-09-23,316581.55865632265
2023-09-24,316581.55865632265
2023-09-25,316581.55865632265
2023-09-26,316581.55865632265
2023-09-27,316581.55865632265
2023-09-28,316581.55865632265
2023-09-29,316581.55865632265
2023-09-30,316581.55865632265
2023-10-01,316581.55865632265
2023-10-02,316581.55865632265
2023-10-03,316581.55865632265
2023-10-04,316581.55865632265
2023-10-05,316581.55865632265
2023-10-06,316581.55865632265
2023-10-07,316581.55865632265
2023-10-08,316581.55865632265
2023-10-09,316581.55865632265
2023-10-10,316581.55865632265
2023-10-11,316581.55865632265
2023-10-12,316581.55865632265
2023-10-13,316581.55865632265
2023-10-14,316581.55865632265
2023-10-15,316581.55865632265
2023-10-16,316581.55865632265
2023-10-17,316581.55865632265
2023-10-18,316581.55865632265
2023-10-19,316581.55865632265
2023-10-20,316581.55865632265
2023-10-21,316581.55865632265
2023-10-22,316581.55865632265
2023-10-23,316581.55865632265
2023-10-24,316581.55865632265
2023-10-25,316581.55865632265
2023-10-26,316581.55865632265
2023-10-27,316581.55865632265
2023-10-28,316581.55865632265
2023-10-29,316581.55865632265
2023-10-30,316581.55865632265
2023-10-31,316581.55865632265
2023-11-01,316581.55865632265
2023-11-02,316581.55865632265
2023-11-03,316581.55865632265
2023-11-04,316581.55865632265
2023-11-05,316581.55865632265
2023-11-06,316581.55865632265
2023-11-07,316581.55865632265
2023-11-08,316581.55865632265
2023-11-09,316581.55865632265
2023-11-10,316581.55865632265
2023-11-11,316581.55865632265
2023-11-12,316581.55865632265
2023-11-13,316581.55865632265
2023-11-14,316581.55865632265
2023-11-15,316581.55865632265
2023-11-16,316581.55865632265
2023-11-17,316581.55865632265
2023-11-18,316581.55865632265
2023-11-19,316581.55865632265
2023-11-20,316581.55865632265
2023-11-21,316581.55865632265
2023-11-22,316581.55865632265
2023-11-23,316581.55865632265
2023-11-24,316581.55865632265
2023-11-25,316581.55865632265
2023-11-26,316581.55865632265
2023-11-27,316581.55865632265
2023-11-28,327188.4511048941
2023-11-29,328732.1790488611
2023-11-30,332085.44676151907
2023-12-01,336517.17977163364
2023-12-02,349713.09470120125
2023-12-03,348726.37764736795
2023-12-04,359967.8313240747
2023-12-05,367945.45004194655
2023-12-06,369566.4889341402
2023-12-07,381221.8240927924
2023-12-08,404935.3817073734
2023-12-09,394501.73973405286
2023-12-10,403683.1766214422
2023-12-11,378293.8910068276
2023-12-12,374918.36690667114
2023-12-13,386777.8174799492
2023-12-14,398321.8086648723
2023-12-15,382134.58958134236
2023-12-16,390476.2762529689
2023-12-17,378078.83442059084
2023-12-18,386507.36524808174
2023-12-19,380653.7926371628
2023-12-20,402343.23505568237
2023-12-21,428231.84153092897
2023-12-22,436082.14517762704
2023-12-23,449630.46962677955
2023-12-24,453585.8339142524
2023-12-25,473974.6450453893
2023-12-26,453796.57002553454
2023-12-27,453484.58357316436
2023-12-28,441281.49940830417
2023-12-29,443438.41490675375
2023-12-30,436333.1073442682
2023-12-31,435152.1401897989
2024-01-01,456748.51580890716
2024-01-02,454088.95002599846
2024-01-03,420512.4503066265
2024-01-04,437572.7089236279
2024-01-05,428177.7916790091
2024-01-06,413759.37618834636
2024-01-07,407231.0042069544
2024-01-08,429503.916204459
2024-01-09,425634.36865028896
2024-01-10,437436.4051944191
2024-01-11,436498.5770088482
2024-01-12,405738.59603720065
2024-01-13,413118.2714174387
2024-01-14,405935.30155821296
2024-01-15,408476.19987102144
2024-01-16,408476.19987102144
2024-01-17,408476.19987102144
2024-01-18,408476.19987102144
2024-01-19,408476.19987102144
2024-01-20,408476.19987102144
2024-01-21,408476.19987102144
2024-01-22,408476.19987102144
2024-01-23,408476.19987102144
2024-01-24,408476.19987102144
2024-01-25,408476.19987102144
2024-01-26,408476.19987102144
2024-01-27,408476.19987102144
2024-01-28,408476.19987102144
2024-01-29,408476.19987102144
2024-01-30,408476.19987102144
2024-01-31,408476.19987102144
2024-02-01,408476.19987102144
2024-02-02,408476.19987102144
2024-02-03,408476.19987102144
2024-02-04,408476.19987102144
2024-02-05,408476.19987102144
2024-02-06,408476.19987102144
2024-02-07,408476.19987102144
2024-02-08,408476.19987102144
2024-02-09,408476.19987102144
2024-02-10,408476.19987102144
2024-02-11,408476.19987102144
2024-02-12,408476.19987102144
2024-02-13,408476.19987102144
2024-02-14,408476.19987102144
2024-02-15,408476.19987102144
2024-02-16,408476.19987102144
2024-02-17,408476.19987102144
2024-02-18,408476.19987102144
2024-02-19,408476.19987102144
2024-02-20,408476.19987102144
2024-02-21,408476.19987102144
2024-02-22,408476.19987102144
2024-02-23,408476.19987102144
2024-02-24,408476.19987102144
2024-02-25,408476.19987102144
2024-02-26,408476.19987102144
2024-02-27,408476.19987102144
2024-02-28,408476.19987102144
2024-02-29,408476.19987102144
2024-03-01,408476.19987102144
2024-03-02,408476.19987102144
2024-03-03,408476.19987102144
2024-03-04,408476.19987102144
2024-03-05,408476.19987102144
2024-03-06,408476.19987102144
2024-03-07,408476.19987102144
2024-03-08,408476.19987102144
2024-03-09,408476.19987102144
2024-03-10,408476.19987102144
2024-03-11,408476.19987102144
2024-03-12,408476.19987102144
2024-03-13,408476.19987102144
2024-03-14,408476.19987102144
2024-03-15,408476.19987102144
2024-03-16,408476.19987102144
2024-03-17,408476.19987102144
2024-03-18,408476.19987102144
2024-03-19,408476.19987102144
2024-03-20,408476.19987102144
2024-03-21,408476.19987102144
2024-03-22,408476.19987102144
2024-03-23,408476.19987102144
2024-03-24,408476.19987102144
2024-03-25,408476.19987102144
2024-03-26,408476.19987102144
2024-03-27,408476.19987102144
2024-03-28,408476.19987102144
2024-03-29,408476.19987102144
2024-03-30,408476.19987102144
2024-03-31,408476.19987102144
2024-04-01,408476.19987102144
2024-04-02,408476.19987102144
2024-04-03,408476.19987102144
2024-04-04,408476.19987102144
2024-04-05,408476.19987102144
2024-04-06,408476.19987102144
2024-04-07,408476.19987102144
2024-04-08,408476.19987102144
2024-04-09,408476.19987102144
2024-04-10,408476.19987102144
2024-04-11,408476.19987102144
2024-04-12,408476.19987102144
2024-04-13,408476.19987102144
2024-04-14,408476.19987102144
2024-04-15,408476.19987102144
2024-04-16,408476.19987102144
2024-04-17,408476.19987102144
2024-04-18,408476.19987102144
2024-04-19,408476.19987102144
2024-04-20,408476.19987102144
2024-04-21,408476.19987102144
2024-04-22,408476.19987102144
2024-04-23,408476.19987102144
2024-04-24,408476.19987102144
2024-04-25,408476.19987102144
2024-04-26,408476.19987102144
2024-04-27,408476.19987102144
2024-04-28,408476.19987102144
2024-04-29,408476.19987102144
2024-04-30,407294.8627752656
2024-05-01,407325.99336776003
2024-05-02,407566.8864099164
2024-05-03,408831.5477157449
2024-05-04,409599.6676574931
2024-05-05,409694.3135989363
2024-05-06,409790.9343788228
2024-05-07,409294.05132799584
2024-05-08,408993.60993659816
2024-05-09,409670.66251400014
2024-05-10,408953.13275028067
2024-05-11,408979.3004146512
2024-05-12,409004.07517763396
2024-05-13,409442.6267439928
2024-05-14,408773.4636910378
2024-05-15,410163.954058475
2024-05-16,409787.6731803679
2024-05-17,410680.90939744556
2024-05-18,410697.9746671757
2024-05-19,410334.573144281
2024-05-20,412157.8007638706
2024-05-21,414008.4140996547
2024-05-22,408651.67099277844
2024-05-23,398915.9085436949
2024-05-24,396714.205150031
2024-05-25,406058.4640682065
2024-05-26,395352.0409846933
2024-05-27,403472.9645116279
2024-05-28,398609.83710933273
2024-05-29,395753.8701837962
2024-05-30,391597.2479953775
2024-05-31,389878.27275410993
2024-06-01,392769.5715349768
2024-06-02,388568.079248837
2024-06-03,395967.81648105034
2024-06-04,416707.6424668989
2024-06-05,422214.7847377492
2024-06-06,419314.1210003865
2024-06-07,397707.305161251
2024-06-08,392057.55444175284
2024-06-09,393976.7815791024
2024-06-10,379446.0162635294
2024-06-11,363497.3090669204
2024-06-12,373096.6526018782
2024-06-13,360150.6188085252
2024-06-14,356178.55002233747
2024-06-15,359286.84745240747
2024-06-16,365104.99080814444
2024-06-17,357502.03184731246
2024-06-18,347128.0044886735
2024-06-19,347214.7783895613
2024-06-20,342902.85152417386
2024-06-21,342281.75574623
2024-06-22,342755.1899509934
2024-06-23,333939.15693452867
2024-06-24,330681.14154285693
2024-06-25,330681.14154285693
2024-06-26,330681.14154285693
2024-06-27,330681.14154285693
2024-06-28,330681.14154285693
2024-06-29,330681.14154285693
2024-06-30,330681.14154285693
2024-07-01,330681.14154285693
2024-07-02,330681.14154285693
2024-07-03,330681.14154285693
2024-07-04,330681.14154285693
2024-07-05,330681.14154285693
2024-07-06,330681.14154285693
2024-07-07,330681.14154285693
2024-07-08,330681.14154285693
2024-07-09,330681.14154285693
2024-07-10,330681.14154285693
2024-07-11,330681.14154285693
2024-07-12,330681.14154285693
2024-07-13,330681.14154285693
2024-07-14,330681.14154285693
2024-07-15,330681.14154285693
2024-07-16,330681.14154285693
2024-07-17,330681.14154285693
2024-07-18,330681.14154285693
2024-07-19,330681.14154285693
2024-07-20,330681.14154285693
2024-07-21,330681.14154285693
2024-07-22,330681.14154285693
2024-07-23,330681.14154285693
2024-07-24,330681.14154285693
2024-07-25,330681.14154285693
2024-07-26,330681.14154285693
2024-07-27,330681.14154285693
2024-07-28,330681.14154285693
2024-07-29,330681.14154285693
2024-07-30,330681.14154285693
2024-07-31,330681.14154285693
2024-08-01,330681.14154285693
2024-08-02,330681.14154285693
2024-08-03,330681.14154285693
2024-08-04,330681.14154285693
2024-08-05,330681.14154285693
2024-08-06,330681.14154285693
2024-08-07,330681.14154285693
2024-08-08,330681.14154285693
2024-08-09,330681.14154285693
2024-08-10,330681.14154285693
2024-08-11,330681.14154285693
2024-08-12,330681.14154285693
2024-08-13,330681.14154285693
2024-08-14,330681.14154285693
2024-08-15,330681.14154285693
2024-08-16,330681.14154285693
2024-08-17,330681.14154285693
2024-08-18,330681.14154285693
2024-08-19,330681.14154285693
2024-08-20,330681.14154285693
2024-08-21,330681.14154285693
2024-08-22,330681.14154285693
2024-08-23,330681.14154285693
2024-08-24,330681.14154285693
2024-08-25,330681.14154285693
2024-08-26,330681.14154285693
2024-08-27,330681.14154285693
2024-08-28,330681.14154285693
2024-08-29,330681.14154285693
2024-08-30,330681.14154285693
2024-08-31,330681.14154285693
2024-09-01,330681.14154285693
2024-09-02,330681.14154285693
2024-09-03,330681.14154285693
2024-09-04,330681.14154285693
2024-09-05,330681.14154285693
2024-09-06,330681.14154285693
2024-09-07,330681.14154285693
2024-09-08,330681.14154285693
2024-09-09,330681.14154285693
2024-09-10,330681.14154285693
2024-09-11,330681.14154285693
2024-09-12,330681.14154285693
2024-09-13,330681.14154285693
2024-09-14,330681.14154285693
2024-09-15,330681.14154285693
2024-09-16,330681.14154285693
2024-09-17,330681.14154285693
2024-09-18,330681.14154285693
2024-09-19,330681.14154285693
2024-09-20,330681.14154285693
2024-09-21,330681.14154285693
2024-09-22,330681.14154285693
2024-09-23,330681.14154285693
2024-09-24,330681.14154285693
2024-09-25,330681.14154285693
2024-09-26,330681.14154285693
2024-09-27,330681.14154285693
2024-09-28,330681.14154285693
2024-09-29,330681.14154285693
2024-09-30,330681.14154285693
2024-10-01,330681.14154285693
2024-10-02,330681.14154285693
2024-10-03,330681.14154285693
2024-10-04,330681.14154285693
2024-10-05,330681.14154285693
2024-10-06,330681.14154285693
2024-10-07,330681.14154285693
2024-10-08,330232.7080147262
2024-10-09,323005.8202893949
2024-10-10,323308.237178493
2024-10-11,333853.3751827712
2024-10-12,336297.45975879417
2024-10-13,334844.9228833212
2024-10-14,351488.85003312083
2024-10-15,352901.70719198394
2024-10-16,356644.02467931865
2024-10-17,353582.03854464967
2024-10-18,357463.371606917
2024-10-19,356599.07392247685
2024-10-20,359959.08463932615
2024-10-21,355131.40087515314
2024-10-22,354784.3311557471
2024-10-23,353614.68757274776
2024-10-24,363394.784133588
2024-10-25,347960.9844459796
2024-10-26,354542.6798785212
2024-10-27,361479.5194496923
2024-10-28,368412.52003894595
2024-10-29,385584.40092882776
2024-10-30,377020.2233313952
2024-10-31,364099.6345841092
2024-11-01,360476.8250221813
2024-11-02,359271.05403281574
2024-11-03,348524.95989932324
2024-11-04,352143.9897754944
2024-11-05,366049.9999300164
2024-11-06,402582.68896131474
2024-11-07,401818.37320206646
2024-11-08,409475.2833288019
2024-11-09,427825.0490190954
2024-11-10,479782.13428896514
2024-11-11,532536.1076250491
2024-11-12,538295.8764905633
2024-11-13,550732.9119355456
2024-11-14,525006.9873447972
2024-11-15,540797.8503176072
2024-11-16,532880.5757855928
2024-11-17,531817.0411702057
2024-11-18,536120.43946284
2024-11-19,547840.4582484865
2024-11-20,543124.2916696268
2024-11-21,572339.2101653257
2024-11-22,585070.1449385752
2024-11-23,589877.3808707668
2024-11-24,588598.2398420034
2024-11-25,547570.4505164765
2024-11-26,540396.7367803776
2024-11-27,564884.8970497592
2024-11-28,570417.8374380204
2024-11-29,618908.9146358481
2024-11-30,631600.5014156521
2024-12-01,687952.2908716531
2024-12-02,722773.5782290483
2024-12-03,705546.02586292
2024-12-04,698593.5841845986
2024-12-05,697764.0493216459
2024-12-06,715427.3022974692
2024-12-07,744372.7702537224
2024-12-08,749244.1672158432
2024-12-09,656231.5985039873
2024-12-10,656845.572621241
2024-12-11,684137.0428031419
2024-12-12,673875.5244505714
2024-12-13,680751.3538586015
2024-12-14,667635.9513498449
2024-12-15,680609.1913659951
2024-12-16,675062.7195892814
2024-12-17,677964.8203997713
2024-12-18,621021.7525079757
2024-12-19,586629.3569735637
2024-12-20,573423.3724074285
2024-12-21,569917.4813438707
2024-12-22,566411.0513436066
2024-12-23,571648.9987521966
2024-12-24,571648.9987521966
2024-12-25,571648.9987521966
2024-12-26,571648.9987521966
2024-12-27,571648.9987521966
2024-12-28,571648.9987521966
2024-12-29,571648.9987521966
2024-12-30,571648.9987521966
2024-12-31,571648.9987521966
2025-01-01,571648.9987521966
2025-01-02,571648.9987521966
2025-01-03,571648.9987521966
2025-01-04,571648.9987521966
2025-01-05,571648.9987521966
2025-01-06,571648.9987521966
2025-01-07,571648.9987521966
2025-01-08,571648.9987521966
2025-01-09,571648.9987521966
2025-01-10,571648.9987521966
2025-01-11,571648.9987521966
2025-01-12,571648.9987521966
2025-01-13,571648.9987521966
2025-01-14,571648.9987521966
2025-01-15,571648.9987521966
2025-01-16,571648.9987521966
2025-01-17,571648.9987521966
2025-01-18,571648.9987521966
2025-01-19,571648.9987521966
2025-01-20,571648.9987521966
2025-01-21,571648.9987521966
2025-01-22,571648.9987521966
2025-01-23,571648.9987521966
2025-01-24,571648.9987521966
2025-01-25,571648.9987521966
2025-01-26,571648.9987521966
2025-01-27,571648.9987521966
2025-01-28,571648.9987521966
2025-01-29,571648.9987521966
2025-01-30,571648.9987521966
2025-01-31,571648.9987521966
2025-02-01,571648.9987521966
2025-02-02,571648.9987521966
2025-02-03,571648.9987521966
2025-02-04,571648.9987521966
2025-02-05,571648.9987521966
2025-02-06,571648.9987521966
2025-02-07,571648.9987521966
2025-02-08,571648.9987521966
2025-02-09,571648.9987521966
2025-02-10,571648.9987521966
2025-02-11,571648.9987521966
2025-02-12,571648.9987521966
2025-02-13,571648.9987521966
2025-02-14,571648.9987521966
2025-02-15,571648.9987521966
2025-02-16,571648.9987521966
2025-02-17,571648.9987521966
2025-02-18,571648.9987521966
2025-02-19,571648.9987521966
2025-02-20,571648.9987521966
2025-02-21,571648.9987521966
2025-02-22,571648.9987521966
2025-02-23,571648.9987521966
2025-02-24,571648.9987521966
2025-02-25,571648.9987521966
2025-02-26,571648.9987521966
2025-02-27,571648.9987521966
2025-02-28,571648.9987521966
2025-03-01,571648.9987521966
2025-03-02,571648.9987521966
2025-03-03,571648.9987521966
2025-03-04,571648.9987521966
2025-03-05,571648.9987521966
2025-03-06,571648.9987521966
2025-03-07,571648.9987521966
2025-03-08,571648.9987521966
2025-03-09,571648.9987521966
2025-03-10,571648.9987521966
2025-03-11,571648.9987521966
2025-03-12,571648.9987521966
2025-03-13,571648.9987521966
2025-03-14,571648.9987521966
2025-03-15,571648.9987521966
2025-03-16,571648.9987521966
2025-03-17,571648.9987521966
2025-03-18,571648.9987521966
2025-03-19,571648.9987521966
2025-03-20,571648.9987521966
2025-03-21,571648.9987521966
2025-03-22,571648.9987521966
2025-03-23,571648.9987521966
2025-03-24,571648.9987521966
2025-03-25,571648.9987521966
2025-03-26,571648.9987521966
2025-03-27,571648.9987521966
2025-03-28,571648.9987521966
2025-03-29,571648.9987521966
2025-03-30,571648.9987521966
2025-03-31,571648.9987521966
2025-04-01,571648.9987521966
2025-04-02,571648.9987521966
2025-04-03,571648.9987521966
2025-04-04,571648.9987521966
2025-04-05,571648.9987521966
2025-04-06,571648.9987521966
2025-04-07,571648.9987521966
2025-04-08,570757.1807130316
2025-04-09,573302.6587481034
2025-04-10,572434.9023446273
2025-04-11,573326.6564340267
2025-04-12,574418.9950197279
2025-04-13,573808.7019030887
2025-04-14,573949.7387234404
2025-04-15,573602.9650005285
2025-04-16,573671.4587795088
2025-04-17,573813.7148833473
2025-04-18,573776.6007237285
2025-04-19,573953.1456237704
2025-04-20,573938.8521780545
2025-04-21,574315.1480984433
2025-04-22,575902.4939770538
2025-04-23,575730.787576363
2025-04-24,575633.0679000906
2025-04-25,575594.7915059134
2025-04-26,575753.7981288648
2025-04-27,575880.1428187094
2025-04-28,576236.5503759426
2025-04-29,568595.4229379238
2025-04-30,563890.7393331428
2025-05-01,570478.557472412
2025-05-02,571355.5756083912
2025-05-03,566919.3801380199
2025-05-04,556949.4402326772
2025-05-05,559671.051770678
2025-05-06,566940.9214548529
2025-05-07,565089.0600064003
2025-05-08,602447.9251972063
2025-05-09,615720.1700674744
2025-05-10,629225.1618922866
2025-05-11,614791.9527639988
2025-05-12,630881.6528219611
2025-05-13,638739.9419745633
2025-05-14,630514.5310925059
2025-05-15,616276.043110177
2025-05-16,614230.9608854818
2025-05-17,609287.0565113768
2025-05-18,626534.4698386004
2025-05-19,619717.9073885406
2025-05-20,620051.5796945052
2025-05-21,636610.0825049841
2025-05-22,647350.6166992112
2025-05-23,617483.0949945508
2025-05-24,625649.9244330177
2025-05-25,629472.1695953239
2025-05-26,628884.0083072293
2025-05-27,634284.5758173978
2025-05-28,626533.3969015273
2025-05-29,611879.0350952918
2025-05-30,590202.4643291179
2025-05-31,592850.3782097051
2025-06-01,596939.8098903274
2025-06-02,598177.0583038385
2025-06-03,593766.3746091083
2025-06-04,590528.5696304825
2025-06-05,564517.9734637343
2025-06-06,576904.117875268
2025-06-07,584340.2798483878
2025-06-08,587889.9006473128
2025-06-09,611491.3741487027
2025-06-10,623800.4354998833
2025-06-11,616039.7133920302
2025-06-12,598193.2059780711
2025-06-13,592693.5650265245
2025-06-14,585191.001974063
2025-06-15,587080.9629169436
2025-06-16,589728.1552722777
2025-06-17,579312.1781193181
2025-06-18,579059.4667239153
2025-06-19,579424.2010369084
2025-06-20,559052.1350480819
2025-06-21,542326.5970950456
2025-06-22,517944.28425681876
2025-06-23,535183.6583929256
2025-06-24,535183.6583929256
2025-06-25,535183.6583929256
2025-06-26,535183.6583929256
2025-06-27,535183.6583929256
2025-06-28,535183.6583929256
2025-06-29,535183.6583929256
2025-06-30,535183.6583929256
2025-07-01,535183.6583929256
2025-07-02,535183.6583929256
2025-07-03,535183.6583929256
2025-07-04,535183.6583929256
2025-07-05,535183.6583929256
2025-07-06,535183.6583929256
2025-07-07,535183.6583929256
2025-07-08,535183.6583929256
2025-07-09,535183.6583929256
2025-07-10,535183.6583929256
2025-07-11,535183.6583929256
2025-07-12,535183.6583929256
2025-07-13,535183.6583929256
2025-07-14,535183.6583929256
2025-07-15,535183.6583929256
2025-07-16,535183.6583929256
2025-07-17,535183.6583929256
2025-07-18,535183.6583929256
2025-07-19,535183.6583929256
2025-07-20,535183.6583929256
2025-07-21,535183.6583929256
2025-07-22,535183.6583929256
2025-07-23,535183.6583929256
2025-07-24,535183.6583929256
2025-07-25,535183.6583929256
2025-07-26,535183.6583929256
2025-07-27,535183.6583929256
2025-07-28,535183.6583929256
2025-07-29,535183.6583929256
2025-07-30,535183.6583929256
2025-07-31,535183.6583929256
2025-08-01,535183.6583929256
2025-08-02,535183.6583929256
2025-08-03,535183.6583929256
2025-08-04,535183.6583929256
2025-08-05,535183.6583929256
2025-08-06,535183.6583929256
2025-08-07,535183.6583929256
2025-08-08,535183.6583929256
2025-08-09,535183.6583929256
2025-08-10,535183.6583929256
2025-08-11,535183.6583929256
2025-08-12,535183.6583929256
2025-08-13,535183.6583929256
2025-08-14,535183.6583929256
2025-08-15,535183.6583929256
2025-08-16,535183.6583929256
2025-08-17,535183.6583929256
2025-08-18,535183.6583929256
2025-08-19,535183.6583929256
2025-08-20,535183.6583929256
2025-08-21,535183.6583929256
2025-08-22,535183.6583929256
2025-08-23,535183.6583929256
2025-08-24,535183.6583929256
2025-08-25,535183.6583929256
2025-08-26,535183.6583929256
2025-08-27,535183.6583929256
2025-08-28,535183.6583929256
2025-08-29,535183.6583929256
2025-08-30,535183.6583929256
2025-08-31,535183.6583929256
2025-09-01,535183.6583929256
2025-09-02,535183.6583929256
2025-09-03,535183.6583929256
2025-09-04,535183.6583929256
2025-09-05,535183.6583929256
2025-09-06,535183.6583929256
2025-09-07,535183.6583929256
2025-09-08,535183.6583929256
2025-09-09,535183.6583929256
2025-09-10,535183.6583929256
2025-09-11,535183.6583929256
2025-09-12,535183.6583929256
2025-09-13,535183.6583929256
2025-09-14,535183.6583929256
2025-09-15,535183.6583929256
2025-09-16,535183.6583929256
2025-09-17,535183.6583929256
2025-09-18,535183.6583929256
2025-09-19,535183.6583929256
2025-09-20,535183.6583929256
2025-09-21,535183.6583929256
2025-09-22,535183.6583929256
2025-09-23,535183.6583929256
2025-09-24,535183.6583929256
2025-09-25,535183.6583929256
2025-09-26,535183.6583929256
2025-09-27,535183.6583929256
2025-09-28,535183.6583929256
2025-09-29,535183.6583929256
2025-09-30,535183.6583929256
2025-10-01,535183.6583929256
2025-10-02,535183.6583929256
2025-10-03,535183.6583929256
2025-10-04,535183.6583929256
2025-10-05,535183.6583929256
2025-10-06,535183.6583929256
2025-10-07,526084.4382547783
2025-10-08,533992.8586043286
2025-10-09,515878.67397436604
2025-10-10,467212.934386962
2025-10-11,467212.934386962
2025-10-12,467212.934386962
2025-10-13,467212.934386962
2025-10-14,467212.934386962
2025-10-15,467212.934386962
2025-10-16,467212.934386962
2025-10-17,467212.934386962
2025-10-18,467212.934386962
2025-10-19,467212.934386962
2025-10-20,467212.934386962
2025-10-21,467212.934386962
2025-10-22,467212.934386962
2025-10-23,467212.934386962
2025-10-24,467212.934386962
2025-10-25,467212.934386962
2025-10-26,467212.934386962
2025-10-27,467212.934386962
2025-10-28,467212.934386962
2025-10-29,467212.934386962
2025-10-30,467212.934386962
2025-10-31,467212.934386962
2025-11-01,467212.934386962
2025-11-02,467212.934386962
2025-11-03,467212.934386962
2025-11-04,467212.934386962
2025-11-05,467212.934386962
2025-11-06,467212.934386962
2025-11-07,467212.934386962
2025-11-08,467212.934386962
2025-11-09,467212.934386962
2025-11-10,467212.934386962
2025-11-11,467212.934386962
2025-11-12,467212.934386962
2025-11-13,467212.934386962
2025-11-14,467212.934386962
2025-11-15,467212.934386962
2025-11-16,467212.934386962
2025-11-17,467212.934386962
2025-11-18,467212.934386962
2025-11-19,467212.934386962
2025-11-20,467212.934386962
2025-11-21,467212.934386962
2025-11-22,467212.934386962
2025-11-23,467212.934386962
2025-11-24,467212.934386962
2025-11-25,467212.934386962
2025-11-26,467212.934386962
2025-11-27,467212.934386962
2025-11-28,467212.934386962
2025-11-29,467212.934386962
2025-11-30,467212.934386962
2025-12-01,467212.934386962
2025-12-02,467212.934386962
2025-12-03,467212.934386962
2025-12-04,467212.934386962
2025-12-05,467212.934386962
2025-12-06,467212.934386962
2025-12-07,467212.934386962
2025-12-08,467212.934386962
2025-12-09,467212.934386962
2025-12-10,467212.934386962
2025-12-11,467212.934386962
2025-12-12,467212.934386962
2025-12-13,467212.934386962
2025-12-14,467212.934386962
2025-12-15,467212.934386962
2025-12-16,467212.934386962
2025-12-17,467212.934386962
2025-12-18,467212.934386962
2025-12-19,467212.934386962
2025-12-20,467212.934386962
2025-12-21,467212.934386962
2025-12-22,467212.934386962
2025-12-23,467212.934386962
2025-12-24,467212.934386962
2025-12-25,467212.934386962
2025-12-26,467212.934386962
2025-12-27,467212.934386962
2025-12-28,467212.934386962
2025-12-29,467212.934386962
2025-12-30,467212.934386962
2025-12-31,467212.934386962
2026-01-01,467212.934386962
2026-01-02,467212.934386962
2026-01-03,467212.934386962
2026-01-04,467212.934386962
2026-01-05,467212.934386962
2026-01-06,467212.934386962
2026-01-07,467212.934386962
2026-01-08,467212.934386962
2026-01-09,467212.934386962
2026-01-10,467212.934386962
2026-01-11,467212.934386962
2026-01-12,467212.934386962
2026-01-13,467212.934386962
2026-01-14,467212.934386962
2026-01-15,467212.934386962
2026-01-16,467212.934386962
2026-01-17,467212.934386962
2026-01-18,467212.934386962
2026-01-19,467212.934386962
2026-01-20,467212.934386962
2026-01-21,467212.934386962
2026-01-22,467212.934386962
2026-01-23,467212.934386962
2026-01-24,467212.934386962
2026-01-25,467212.934386962
2026-01-26,467212.934386962
2026-01-27,467709.0891808601
2026-01-28,467707.4439952628
2026-01-29,466494.8599785502
2026-01-30,465798.53791177063
2026-01-31,465009.60534633487
2026-02-01,465009.60534633487
2026-02-02,465009.60534633487
2026-02-03,464112.44384400244
2026-02-04,463019.6498396154
2026-02-05,461431.15960592305
2026-02-06,461431.15960592305
2026-02-07,461431.15960592305
2026-02-08,461431.15960592305
2026-02-09,461431.15960592305
2026-02-10,460891.3574755542
2026-02-11,460375.46122806036
2026-02-12,460338.03158357384
2026-02-13,460935.19305482897
2026-02-14,461756.421416645
2026-02-15,461234.6907385163
2026-02-16,461448.32246457733
2026-02-17,461165.0187827628
2026-02-18,460738.4441452968
2026-02-19,460808.03224606835
2026-02-20,461232.36991363915
2026-02-21,461253.2133245078
2026-02-22,461012.36504805734
2026-02-23,460051.06150145293
2026-02-24,459820.4995442296
2026-02-25,461340.8339494446
2026-02-26,461060.11002378346
2026-02-27,460458.392158099
2026-02-28,460753.628771717
2026-03-01,460470.803580969
2026-03-02,461300.1091442505
2026-03-03,461036.31469583634
2026-03-04,462364.581046611
2026-03-05,461824.4383550526
2026-03-06,460924.39291323983
2026-03-07,460705.61057020194
2026-03-08,460338.53526466555
2026-03-09,461095.113385787
2026-03-10,461526.1342497551
2026-03-11,461729.35600251786
2026-03-12,461852.87939047907
2026-03-13,462026.5181410866
2026-03-14,462095.25171869935
2026-03-15,462774.43033294386
2026-03-16,463745.398203521
2026-03-17,463402.90296278405
2026-03-18,462662.4290335025
2026-03-19,462296.502377045
2026-03-20,462383.32708907325
2026-03-21,461864.5446929077
2026-03-22,461626.2890422605
2026-03-23,462314.32608602656
2026-03-24,462195.38758718397
2026-03-25,462319.16107382515
2026-03-26,461366.0332399412
2026-03-27,460666.0408931136
2026-03-28,460711.0028649068
2026-03-29,460605.3569430732
2026-03-30,460806.75974187616
2026-03-31,461194.17991279543
2026-04-01,461138.8505877668
2026-04-02,460486.0947153143
2026-04-03,460549.0766186012
2026-04-04,460642.3384125526
2026-04-05,460998.8728928324
2026-04-06,460945.47978958604
2026-04-07,480601.40753651195
2026-04-08,469253.60140167514
2026-04-09,471340.7981677317
2026-04-10,476895.12399960554
2026-04-11,476366.32160345715
2026-04-12,463484.73631210986
2026-04-13,483237.9527994355
2026-04-14,479096.0102876689
2026-04-15,485158.7422577098
2026-04-16,488559.1875703442
2026-04-17,499811.0748252647
2026-04-18,488589.7105211758
2026-04-19,475076.56699219457
2026-04-20,486188.1733342494
2026-04-21,488760.42646898044
2026-04-22,497662.12777568516
2026-04-23,494887.25144834514
2026-04-24,491443.31961353536
2026-04-25,490002.88425297395
2026-04-26,497718.8512546225
2026-04-27,487939.147228277
2026-04-28,485498.69993755367
2026-04-29,489371.27209540945
2026-04-30,494748.9799198298
2026-05-01,504557.0326377161
2026-05-02,507140.7215078881
2026-05-03,506989.4800507764
2026-05-04,514568.34306378034
2026-05-05,525346.8042734704
2026-05-06,521838.1258389387
2026-05-07,507240.58733590454
2026-05-08,511342.7204117179
2026-05-09,512662.5085250781
2026-05-10,524841.8372448323
2026-05-11,519854.50444047916
2026-05-12,510448.04125542095
2026-05-13,510833.9855056295
2026-05-14,520343.5904331454
2026-05-15,508859.5071911563
2026-05-16,497426.3868687788
2026-05-17,490242.5266406215
2026-05-18,482812.8563677253
2026-05-19,477676.9668686083
2026-05-20,483615.5388323364
2026-05-21,488840.83265334764
2026-05-22,474194.8493587965
2026-05-23,480341.16966216726
2026-05-24,479001.6622897424
2026-05-25,478979.96549757343
2026-05-26,471295.15582170646
2026-05-27,462762.87979088444
2026-05-28,457414.6699365344
2026-05-29,458566.01767904137
2026-05-30,478157.4003780116
2026-05-31,474398.5597763676
2026-06-01,466114.3450231373
2026-06-02,466114.3450231373
2026-06-03,466114.3450231373
2026-06-04,466114.3450231373
2026-06-05,466114.3450231373
2026-06-06,466114.3450231373
2026-06-07,466114.3450231373
2026-06-08,466114.3450231373
2026-06-09,466114.3450231373
2026-06-10,466114.3450231373
2026-06-11,466114.3450231373
2026-06-12,466114.3450231373
2026-06-13,466114.3450231373
2026-06-14,466114.3450231373
2026-06-15,466114.3450231373
2026-06-16,466114.3450231373
2026-06-17,466114.3450231373
2026-06-18,466114.3450231373
2026-06-19,466114.3450231373
2026-06-20,466114.3450231373
2026-06-21,466114.3450231373
2026-06-22,466114.3450231373
2026-06-23,466114.3450231373
2026-06-24,466114.3450231373
2026-06-25,466114.3450231373
2026-06-26,466114.3450231373
2026-06-27,466114.3450231373
2026-06-28,466114.3450231373
2026-06-29,466114.3450231373
2026-06-30,466114.3450231373
2026-07-01,466114.3450231373
2026-07-02,466114.3450231373
2026-07-03,466114.3450231373
2026-07-04,466114.3450231373
